Timestamp,IP,Port,Location,Intention,Packet Payload
,,,,,
,,,,,
,,,,,
,,,,,
,,,,,
,,,,,
,,,,,
,,,,,
,,,,,
,,,,,
,,,,,
,,,,,
,,,,,
,,,,,
,,,,,
,,,,,
,,,,,
,,,,,
,,,,,
,,,,,
,,,,,
,,,,,
,,,,,
,,,,,
,,,,,
,,,,,
,,,,,
,,,,,
,,,,,
,,,,,
,,,,,
,,,,,
,,,,,
,,,,,
,,,,,
,,,,,
,,,,,
,,,,,
,,,,,
,,,,,
,,,,,
,,,,,
,,,,,
,,,,,
,,,,,
,,,,,
,,,,,
,,,,,
,,,,,
,,,,,
,,,,,
,,,,,
,,,,,
,,,,,
,,,,,
,,,,,
,,,,,
,,,,,
,,,,,
,,,,,
,,,,,
,,,,,
,,,,,
,,,,,
,,,,,
,,,,,
,,,,,
,,,,,
,,,,,
,,,,,
,,,,,
,,,,,
,,,,,
,,,,,
,,,,,
,,,,,
,,,,,
,,,,,
,,,,,
,,,,,
,,,,,
,,,,,
,,,,,
,,,,,
,,,,,
,,,,,
,,,,,
,,,,,
,,,,,
,,,,,
,,,,,
,,,,,
,,,,,
,,,,,
,,,,,
2024-07-21 00:17:13,127.0.0.1,57026,Location Unknown,SQL Injection,"{""username"":""adi_levi--"",""password"":""aaBBcc12""}"
2024-07-21 00:22:24,127.0.0.1,57150,Location Unknown,SQL Injection,"{""username"":""adi_levi--"",""password"":""aaBBcc12""}"
2024-07-21 00:25:09,127.0.0.1,57247,Location Unknown,SQL Injection,"{""username"":""adi_levi--"",""password"":""aaBBcc12""}"
2024-07-21 00:27:54,127.0.0.1,57334,Location Unknown,SQL Injection,"{""username"":""adi_levi--"",""password"":""aaBBcc12""}"
2024-07-21 14:34:52,127.0.0.1,60364,Location Unknown,SQL Injection,"{""username"":""adi_levi--"",""password"":""aaBBcc12""}"
2024-07-21 14:34:52,127.0.0.1,60364,Location Unknown,SQL Injection,"{""username"":""adi_levi--"",""password"":""aaBBcc12""}"
2024-07-21 14:34:53,127.0.0.1,60364,Location Unknown,SQL Injection,"{""username"":""adi_levi--"",""password"":""aaBBcc12""}"
2024-07-21 14:34:54,127.0.0.1,60364,Location Unknown,SQL Injection,"{""username"":""adi_levi--"",""password"":""aaBBcc12""}"
2024-07-21 14:34:56,127.0.0.1,60364,Location Unknown,SQL Injection,"{""username"":""adi_levi--"",""password"":""aaBBcc12""}"
2024-07-21 14:35:01,127.0.0.1,60364,Location Unknown,SQL Injection,"{""username"":""adi_levi--"",""password"":""aaBBcc12""}"
2024-07-21 14:42:36,127.0.0.1,60566,Location Unknown,SQL Injection,"{""username"":""adi_levi--"",""password"":""aaBBcc12""}"
2024-07-21 14:42:36,127.0.0.1,60566,Location Unknown,SQL Injection,"{""username"":""adi_levi--"",""password"":""aaBBcc12""}"
2024-07-21 14:42:37,127.0.0.1,60566,Location Unknown,SQL Injection,"{""username"":""adi_levi--"",""password"":""aaBBcc12""}"
2024-07-21 14:42:38,127.0.0.1,60566,Location Unknown,SQL Injection,"{""username"":""adi_levi--"",""password"":""aaBBcc12""}"
2024-07-21 14:42:40,127.0.0.1,60566,Location Unknown,SQL Injection,"{""username"":""adi_levi--"",""password"":""aaBBcc12""}"
2024-07-21 14:42:45,127.0.0.1,60566,Location Unknown,SQL Injection,"{""username"":""adi_levi--"",""password"":""aaBBcc12""}"
2024-07-21 14:45:04,127.0.0.1,60692,Location Unknown,SQL Injection,"{""username"":""adi_levi--"",""password"":""aaBBcc12""}"
2024-07-21 14:45:04,127.0.0.1,60692,Location Unknown,SQL Injection,"{""username"":""adi_levi--"",""password"":""aaBBcc12""}"
2024-07-21 14:45:05,127.0.0.1,60692,Location Unknown,SQL Injection,"{""username"":""adi_levi--"",""password"":""aaBBcc12""}"
2024-07-21 14:45:06,127.0.0.1,60692,Location Unknown,SQL Injection,"{""username"":""adi_levi--"",""password"":""aaBBcc12""}"
2024-07-21 14:45:09,127.0.0.1,60692,Location Unknown,SQL Injection,"{""username"":""adi_levi--"",""password"":""aaBBcc12""}"
2024-07-21 14:45:13,127.0.0.1,60692,Location Unknown,SQL Injection,"{""username"":""adi_levi--"",""password"":""aaBBcc12""}"
